{"status":{},"spec":{"description":"","resources":{"client_attrs":{"02eb0f42_deployment":{"y":607,"x":1194.75},"c4a7ebbf_deployment":{"y":460,"x":965.75},"f8416720_deployment":{"y":313,"x":744.75},"5854d6fd_deployment":{"y":159,"x":524.5},"MongoDB":{"y":200,"x":660},"NodeJS":{"y":420,"x":940},"Nginx":{"y":640,"x":1240},"795b1b66-cc5e-4632-07b3-c5b2bd628548":{"y":157,"x":515.75}},"service_definition_list":[{"singleton":false,"action_list":[{"description":"System action for creating an application","type":"system","critical":false,"runbook":{"task_definition_list":[{"target_any_local_reference":{"kind":"app_service","name":"MongoDB"},"retries":"0","description":"","child_tasks_local_reference_list":[{"kind":"app_task","name":"Epoch Registration"}],"name":"1e24c412_dag","attrs":{"edges":[],"type":""},"timeout_secs":"0","type":"DAG","variable_list":[]},{"target_any_local_reference":{"kind":"app_service","name":"MongoDB"},"retries":"0","description":"","child_tasks_local_reference_list":[],"name":"Epoch Registration","attrs":{"type":"CALL_RUNBOOK","inarg_list":[],"runbook_reference":{"kind":"app_runbook","name":"80542ccd_runbook"}},"timeout_secs":"0","type":"CALL_RUNBOOK","variable_list":[]}],"description":"","name":"9973e402_runbook","main_task_local_reference":{"kind":"app_task","name":"1e24c412_dag"},"variable_list":[]},"name":"action_create"},{"description":"System action for deleting an application. Deletes created VMs as well","type":"system","critical":false,"runbook":{"task_definition_list":[{"target_any_local_reference":{"kind":"app_service","name":"MongoDB"},"retries":"0","description":"","child_tasks_local_reference_list":[],"name":"208e0c06_dag","attrs":{"edges":[],"type":""},"timeout_secs":"0","type":"DAG","variable_list":[]}],"description":"","name":"9b9b7baa_runbook","main_task_local_reference":{"kind":"app_task","name":"208e0c06_dag"},"variable_list":[]},"name":"action_delete"},{"description":"System action for starting an application","type":"system","critical":false,"runbook":{"task_definition_list":[{"target_any_local_reference":{"kind":"app_service","name":"MongoDB"},"retries":"0","description":"","child_tasks_local_reference_list":[{"kind":"app_task","name":"Deployment Category Update"}],"name":"9a1df277_dag","attrs":{"edges":[],"type":""},"timeout_secs":"0","type":"DAG","variable_list":[]},{"target_any_local_reference":{"kind":"app_service","name":"MongoDB"},"retries":"0","description":"","child_tasks_local_reference_list":[],"name":"Deployment Category Update","attrs":{"type":"CALL_RUNBOOK","inarg_list":[],"runbook_reference":{"kind":"app_runbook","name":"edfbbe8b_runbook"}},"timeout_secs":"0","type":"CALL_RUNBOOK","variable_list":[]}],"description":"","name":"fee50ad4_runbook","main_task_local_reference":{"kind":"app_task","name":"9a1df277_dag"},"variable_list":[]},"name":"action_start"},{"description":"System action for stopping an application","type":"system","critical":false,"runbook":{"task_definition_list":[{"target_any_local_reference":{"kind":"app_service","name":"MongoDB"},"retries":"0","description":"","child_tasks_local_reference_list":[],"name":"191f8ebb_dag","attrs":{"edges":[],"type":""},"timeout_secs":"0","type":"DAG","variable_list":[]}],"description":"","name":"aa2452ba_runbook","main_task_local_reference":{"kind":"app_task","name":"191f8ebb_dag"},"variable_list":[]},"name":"action_stop"},{"description":"System action for restarting an application","type":"system","critical":false,"runbook":{"task_definition_list":[{"target_any_local_reference":{"kind":"app_service","name":"MongoDB"},"retries":"0","description":"","child_tasks_local_reference_list":[],"name":"6a3ec2fa_dag","attrs":{"edges":[],"type":""},"timeout_secs":"0","type":"DAG","variable_list":[]}],"description":"","name":"29e96d1d_runbook","main_task_local_reference":{"kind":"app_task","name":"6a3ec2fa_dag"},"variable_list":[]},"name":"action_restart"},{"description":"","type":"user","critical":false,"runbook":{"task_definition_list":[{"retries":"0","description":"","child_tasks_local_reference_list":[{"kind":"app_task","name":"Load Data"}],"name":"09a00c23_dag","attrs":{"edges":[],"type":""},"timeout_secs":"0","type":"DAG","variable_list":[]},{"target_any_local_reference":{"kind":"app_service","name":"MongoDB"},"retries":"0","description":"","child_tasks_local_reference_list":[],"name":"Load Data","attrs":{"exit_status":[],"script":"wget http:\/\/@@{artifactory_ip}@@:8081\/artifactory\/@@{project_name}@@-local-repo\/@@{project_name}@@@@{build_number}@@\/db.tar.gz \ntar xvfz db.tar.gz\nmongo demodb < collections.json\n","script_type":"sh","type":"","command_line_args":"","login_credential_local_reference":{"kind":"app_credential","name":"Ubuntu Credential"}},"timeout_secs":"0","type":"EXEC","variable_list":[]}],"description":"","name":"ef6b3a3e_runbook","main_task_local_reference":{"kind":"app_task","name":"09a00c23_dag"},"variable_list":[]},"name":"MongoDB Load"},{"description":"","type":"user","critical":false,"runbook":{"task_definition_list":[{"retries":"0","description":"","child_tasks_local_reference_list":[{"kind":"app_task","name":"Install MongoDB"}],"name":"d6bf3393_dag","attrs":{"edges":[],"type":""},"timeout_secs":"0","type":"DAG","variable_list":[]},{"target_any_local_reference":{"kind":"app_service","name":"MongoDB"},"retries":"0","description":"","child_tasks_local_reference_list":[],"name":"Install MongoDB","attrs":{"exit_status":[],"script":"echo \"Updating Ubuntu Repositories\"\nsudo apt-key adv --keyserver hkp:\/\/keyserver.ubuntu.com:80 --recv EA312927\n\necho \"deb http:\/\/repo.mongodb.org\/apt\/ubuntu xenial\/mongodb-org\/3.2 multiverse\" | sudo tee \/etc\/apt\/sources.list.d\/mongodb-org-3.2.list\nsudo apt-get update\n\necho \"Install MongoDB\"\nsudo apt-get install -y mongodb-org\n\necho \"Update mongod.conf\"\necho \"# mongod.conf\nstorage:\n  dbPath: \/var\/lib\/mongodb\n  journal:\n    enabled: true\n\nsystemLog:\n  destination: file\n  logAppend: true\n  path: \/var\/log\/mongodb\/mongod.log\n\nnet:\n  port: 27017\n  bindIp: 0.0.0.0\" | sudo tee \/etc\/mongod.conf\n\necho \"Start MongoDB Service\"\nsudo systemctl restart mongod\n","script_type":"sh","type":"","command_line_args":"","login_credential_local_reference":{"kind":"app_credential","name":"Ubuntu Credential"}},"timeout_secs":"0","type":"EXEC","variable_list":[]}],"description":"","name":"5d61bb96_runbook","main_task_local_reference":{"kind":"app_task","name":"d6bf3393_dag"},"variable_list":[]},"name":"MongoDB Installation"},{"description":"","type":"user","critical":false,"runbook":{"task_definition_list":[{"retries":"0","description":"","child_tasks_local_reference_list":[{"kind":"app_task","name":"Register with Epoch"},{"kind":"app_task","name":"Install MongoDB Collector Service"}],"name":"5ec6968b_dag","attrs":{"edges":[{"from_task_reference":{"kind":"app_task","name":"Register with Epoch"},"edge_type":"user_defined","type":"","to_task_reference":{"kind":"app_task","name":"Install MongoDB Collector Service"}}],"type":""},"timeout_secs":"0","type":"DAG","variable_list":[]},{"target_any_local_reference":{"kind":"app_service","name":"MongoDB"},"retries":"0","description":"","child_tasks_local_reference_list":[],"name":"Register with Epoch","attrs":{"exit_status":[],"script":"sudo wget --no-check-certificate --header=\"userport: 443\" \\\n     -O \/usr\/bin\/install-epoch-collectors.sh https:\/\/@@{epoch_aoc_host}@@\/install_epoch_collectors\nsudo chmod +x \/usr\/bin\/install-epoch-collectors.sh \\\n     && EPOCH_ANALYSIS_DEPTH=layer7 EPOCH_AOC_HOST=@@{epoch_aoc_host}@@ EPOCH_ORGANIZATION_ID=@@{epoch_org_id}@@ EPOCH_ANALYSIS_DEPTH=layer4 EPOCH_AUTOUPGRADE_COLLECTORS=no \/usr\/bin\/install-epoch-collectors.sh\nsudo \/etc\/init.d\/epoch-collectors restart","script_type":"sh","type":"","command_line_args":"","login_credential_local_reference":{"kind":"app_credential","name":"Ubuntu Credential"}},"timeout_secs":"0","type":"EXEC","variable_list":[]},{"target_any_local_reference":{"kind":"app_service","name":"MongoDB"},"retries":"0","description":"","child_tasks_local_reference_list":[],"name":"Install MongoDB Collector Service","attrs":{"exit_status":[],"script":"echo \"Install MongoDB Collector\"\necho \"init_config:\n\ninstances:\n  - server: mongodb:\/\/localhost:27017\/demodb\n    additional_metrics:\n      - metrics.commands\n      - tcmalloc\n      - top\n      - collection\n    collections:\n      - peaks\" | sudo tee \/etc\/nutanix\/epoch-dd-agent\/conf.d\/mongo.yaml\n    \nsudo \/etc\/init.d\/epoch-collectors stop\nsudo EPOCH_ANALYSIS_DEPTH=layer7 \/opt\/nutanix\/epoch\/collectors\/configure.sh\nsudo \/etc\/init.d\/epoch-collectors restart\n","script_type":"sh","type":"","command_line_args":"","login_credential_local_reference":{"kind":"app_credential","name":"Ubuntu Credential"}},"timeout_secs":"0","type":"EXEC","variable_list":[]}],"description":"","name":"80542ccd_runbook","main_task_local_reference":{"kind":"app_task","name":"5ec6968b_dag"},"variable_list":[]},"name":"Epoch Registration"},{"description":"","type":"user","critical":false,"runbook":{"task_definition_list":[{"retries":"0","description":"","child_tasks_local_reference_list":[{"kind":"app_task","name":"Add Category Value to VM"}],"name":"65184505_dag","attrs":{"edges":[],"type":""},"timeout_secs":"0","type":"DAG","variable_list":[]},{"target_any_local_reference":{"kind":"app_service","name":"MongoDB"},"retries":"0","description":"","child_tasks_local_reference_list":[],"name":"Add Category Value to VM","attrs":{"script":"user = \"@@{Prism Central User.username}@@\"\npassword = \"@@{Prism Central User.secret}@@\"\n\ndef process_request(url, method, user, password, headers, payload=None):\n  r = urlreq(url, verb=method, auth=\"BASIC\", user=user, passwd=password, params=payload, verify=False, headers=headers)\n  return r\n\npayload = {\"length\":500}\n\nbase_url = \"https:\/\/@@{pc_instance_ip}@@:9440\/api\/nutanix\/v3\/vms\"\nurl = base_url + \"\/list\"\nheaders = {'Accept': 'application\/json', 'Content-Type': 'application\/json'}\nurl_method = \"POST\"\n\nr = process_request(url, url_method, user, password, headers, json.dumps(payload))\nprint \"Response Status: \" + str(r.status_code)\nvm_list_json = r.json()\nfor vm in vm_list_json['entities']:\n  if (vm['spec']['name'] == \"@@{name}@@\"):\n    vm_json = vm\n\ndel vm_json['status']\nvm_json['metadata']['categories']['Deployment'] = \"@@{calm_application_name}@@\"\nprint \"Categories: \" + json.dumps(vm_json['metadata']['categories'])\nprint \"VM JSON: \" + json.dumps(vm_json)\n\nurl = base_url + \"\/\" + str(vm_json['metadata']['uuid'])\nurl_method = \"PUT\"\nr = process_request(url, url_method, user, password, headers, json.dumps(vm_json))\nprint \"Response Status: \" + str(r.status_code)\nprint \"Response: \", r.json()","type":"","command_line_args":"","exit_status":[],"script_type":"static"},"timeout_secs":"0","type":"EXEC","variable_list":[]}],"description":"","name":"edfbbe8b_runbook","main_task_local_reference":{"kind":"app_task","name":"65184505_dag"},"variable_list":[]},"name":"Deployment Category Update"}],"depends_on_list":[{"kind":"app_service","name":"Flow"}],"name":"MongoDB","port_list":[],"tier":"","variable_list":[],"description":""},{"singleton":false,"action_list":[{"description":"System action for creating an application","type":"system","critical":false,"runbook":{"task_definition_list":[{"target_any_local_reference":{"kind":"app_service","name":"NodeJS"},"retries":"0","description":"","child_tasks_local_reference_list":[{"kind":"app_task","name":"NodeJS Configuration"},{"kind":"app_task","name":"Epoch Registration"}],"name":"bef1e0ff_dag","attrs":{"edges":[{"from_task_reference":{"kind":"app_task","name":"NodeJS Configuration"},"edge_type":"user_defined","type":"","to_task_reference":{"kind":"app_task","name":"Epoch Registration"}}],"type":""},"timeout_secs":"0","type":"DAG","variable_list":[]},{"target_any_local_reference":{"kind":"app_service","name":"NodeJS"},"retries":"0","description":"","child_tasks_local_reference_list":[],"name":"NodeJS Configuration","attrs":{"type":"CALL_RUNBOOK","inarg_list":[],"runbook_reference":{"kind":"app_runbook","name":"8b136b3d_runbook"}},"timeout_secs":"0","type":"CALL_RUNBOOK","variable_list":[]},{"target_any_local_reference":{"kind":"app_service","name":"NodeJS"},"retries":"0","description":"","child_tasks_local_reference_list":[],"name":"Epoch Registration","attrs":{"type":"CALL_RUNBOOK","inarg_list":[],"runbook_reference":{"kind":"app_runbook","name":"0ac8fecf_runbook"}},"timeout_secs":"0","type":"CALL_RUNBOOK","variable_list":[]}],"description":"","name":"9ce2bb44_runbook","main_task_local_reference":{"kind":"app_task","name":"bef1e0ff_dag"},"variable_list":[]},"name":"action_create"},{"description":"System action for deleting an application. Deletes created VMs as well","type":"system","critical":false,"runbook":{"task_definition_list":[{"target_any_local_reference":{"kind":"app_service","name":"NodeJS"},"retries":"0","description":"","child_tasks_local_reference_list":[],"name":"b21de10f_dag","attrs":{"edges":[],"type":""},"timeout_secs":"0","type":"DAG","variable_list":[]}],"description":"","name":"facec687_runbook","main_task_local_reference":{"kind":"app_task","name":"b21de10f_dag"},"variable_list":[]},"name":"action_delete"},{"description":"System action for starting an application","type":"system","critical":false,"runbook":{"task_definition_list":[{"target_any_local_reference":{"kind":"app_service","name":"NodeJS"},"retries":"0","description":"","child_tasks_local_reference_list":[{"kind":"app_task","name":"Deployment Category Update"}],"name":"21769bcf_dag","attrs":{"edges":[],"type":""},"timeout_secs":"0","type":"DAG","variable_list":[]},{"target_any_local_reference":{"kind":"app_service","name":"NodeJS"},"retries":"0","description":"","child_tasks_local_reference_list":[],"name":"Deployment Category Update","attrs":{"type":"CALL_RUNBOOK","inarg_list":[],"runbook_reference":{"kind":"app_runbook","name":"8c025ba3_runbook"}},"timeout_secs":"0","type":"CALL_RUNBOOK","variable_list":[]}],"description":"","name":"607577d2_runbook","main_task_local_reference":{"kind":"app_task","name":"21769bcf_dag"},"variable_list":[]},"name":"action_start"},{"description":"System action for stopping an application","type":"system","critical":false,"runbook":{"task_definition_list":[{"target_any_local_reference":{"kind":"app_service","name":"NodeJS"},"retries":"0","description":"","child_tasks_local_reference_list":[],"name":"62ddf398_dag","attrs":{"edges":[],"type":""},"timeout_secs":"0","type":"DAG","variable_list":[]}],"description":"","name":"ef5f81d2_runbook","main_task_local_reference":{"kind":"app_task","name":"62ddf398_dag"},"variable_list":[]},"name":"action_stop"},{"description":"System action for restarting an application","type":"system","critical":false,"runbook":{"task_definition_list":[{"target_any_local_reference":{"kind":"app_service","name":"NodeJS"},"retries":"0","description":"","child_tasks_local_reference_list":[],"name":"83048315_dag","attrs":{"edges":[],"type":""},"timeout_secs":"0","type":"DAG","variable_list":[]}],"description":"","name":"c004209e_runbook","main_task_local_reference":{"kind":"app_task","name":"83048315_dag"},"variable_list":[]},"name":"action_restart"},{"description":"","type":"user","critical":false,"runbook":{"task_definition_list":[{"retries":"0","description":"","child_tasks_local_reference_list":[{"kind":"app_task","name":"Configure NodeJS"}],"name":"b38e7868_dag","attrs":{"edges":[],"type":""},"timeout_secs":"0","type":"DAG","variable_list":[]},{"target_any_local_reference":{"kind":"app_service","name":"NodeJS"},"retries":"0","description":"","child_tasks_local_reference_list":[],"name":"Configure NodeJS","attrs":{"exit_status":[],"script":"sudo mkdir -p \/var\/www\/html\/\n\necho '#!\/bin\/bash\nexport MONGODB_HOST='@@{MongoDB.address}@@'\n\/usr\/bin\/nodejs \/var\/www\/html\/app.js' | sudo tee \/var\/www\/html\/runnode.sh\n\nsudo chmod 700 \/var\/www\/html\/runnode.sh\n\necho '[Unit]\nDescription=NodeJs app\n\n[Service]\nExecStart=\/var\/www\/html\/runnode.sh\nRestart=always\nUser=root\nGroup=root\nEnvironment=PATH=\/usr\/bin:\/usr\/local\/bin\nEnvironment=NODE_ENV=production\nWorkingDirectory=\/var\/www\/html\n\n[Install]\nWantedBy=multi-user.target' | sudo tee \/etc\/systemd\/system\/nodejsapp.service\n\ncd \/var\/www\/html\/\nsudo wget http:\/\/@@{artifactory_ip}@@:8081\/artifactory\/@@{project_name}@@-local-repo\/@@{project_name}@@@@{build_number}@@\/nodejs-app.tar.gz\nsudo tar xvfz nodejs-app.tar.gz\n\nsudo systemctl start nodejsapp\nsudo systemctl enable nodejsapp\n","script_type":"sh","type":"","command_line_args":"","login_credential_local_reference":{"kind":"app_credential","name":"Ubuntu Credential"}},"timeout_secs":"0","type":"EXEC","variable_list":[]}],"description":"","name":"8b136b3d_runbook","main_task_local_reference":{"kind":"app_task","name":"b38e7868_dag"},"variable_list":[]},"name":"NodeJS Configuration"},{"description":"","type":"user","critical":false,"runbook":{"task_definition_list":[{"retries":"0","description":"","child_tasks_local_reference_list":[{"kind":"app_task","name":"Install NodeJS"}],"name":"350f4067_dag","attrs":{"edges":[],"type":""},"timeout_secs":"0","type":"DAG","variable_list":[]},{"target_any_local_reference":{"kind":"app_service","name":"NodeJS"},"retries":"0","description":"","child_tasks_local_reference_list":[],"name":"Install NodeJS","attrs":{"script":"echo \"Update Local Repositories\"\ncurl -sL https:\/\/deb.nodesource.com\/setup_8.x -o nodesource_setup.sh\nsudo bash nodesource_setup.sh\nsudo apt-get update\n\necho \"Install Node.js\"\nsudo apt-get install -y nodejs\n\necho \"Check Version\"\nnodejs -v","type":"","command_line_args":"","exit_status":[],"script_type":"sh"},"timeout_secs":"0","type":"EXEC","variable_list":[]}],"description":"","name":"2462adfe_runbook","main_task_local_reference":{"kind":"app_task","name":"350f4067_dag"},"variable_list":[]},"name":"NodeJS Installation"},{"description":"","type":"user","critical":false,"runbook":{"task_definition_list":[{"retries":"0","description":"","child_tasks_local_reference_list":[{"kind":"app_task","name":"Install NPM"}],"name":"55f3b084_dag","attrs":{"edges":[],"type":""},"timeout_secs":"0","type":"DAG","variable_list":[]},{"target_any_local_reference":{"kind":"app_service","name":"NodeJS"},"retries":"0","description":"","child_tasks_local_reference_list":[],"name":"Install NPM","attrs":{"exit_status":[],"script":"echo \"Update Local Repositories\"\nsudo apt-get update\n\necho \"Install NPM\"\nsudo apt-get install npm -y\n\necho \"Check Version\"\nnpm -v","script_type":"sh","type":"","command_line_args":"","login_credential_local_reference":{"kind":"app_credential","name":"Ubuntu Credential"}},"timeout_secs":"0","type":"EXEC","variable_list":[]}],"description":"","name":"ace70036_runbook","main_task_local_reference":{"kind":"app_task","name":"55f3b084_dag"},"variable_list":[]},"name":"NPM Installation"},{"description":"","type":"user","critical":false,"runbook":{"task_definition_list":[{"retries":"0","description":"","child_tasks_local_reference_list":[{"kind":"app_task","name":"Register with Epoch"},{"kind":"app_task","name":"Install NodeJS Collector Service"}],"name":"6a3170db_dag","attrs":{"edges":[{"from_task_reference":{"kind":"app_task","name":"Register with Epoch"},"edge_type":"user_defined","type":"","to_task_reference":{"kind":"app_task","name":"Install NodeJS Collector Service"}}],"type":""},"timeout_secs":"0","type":"DAG","variable_list":[]},{"target_any_local_reference":{"kind":"app_service","name":"NodeJS"},"retries":"0","description":"","child_tasks_local_reference_list":[],"name":"Register with Epoch","attrs":{"exit_status":[],"script":"sudo wget --no-check-certificate --header=\"userport: 443\" \\\n     -O \/usr\/bin\/install-epoch-collectors.sh https:\/\/@@{epoch_aoc_host}@@\/install_epoch_collectors\nsudo chmod +x \/usr\/bin\/install-epoch-collectors.sh \\\n     && EPOCH_ANALYSIS_DEPTH=layer7 EPOCH_AOC_HOST=@@{epoch_aoc_host}@@ EPOCH_ORGANIZATION_ID=@@{epoch_org_id}@@ EPOCH_ANALYSIS_DEPTH=layer4 EPOCH_AUTOUPGRADE_COLLECTORS=no \/usr\/bin\/install-epoch-collectors.sh\nsudo \/etc\/init.d\/epoch-collectors restart","script_type":"sh","type":"","command_line_args":"","login_credential_local_reference":{"kind":"app_credential","name":"Ubuntu Credential"}},"timeout_secs":"0","type":"EXEC","variable_list":[]},{"target_any_local_reference":{"kind":"app_service","name":"NodeJS"},"retries":"0","description":"","child_tasks_local_reference_list":[],"name":"Install NodeJS Collector Service","attrs":{"exit_status":[],"script":"echo \"Install Http-Check Collector\"\necho \"init_config:\ninstances:\n  - name: NodeJS API\n    url: http:\/\/localhost:3000\/api\n    timeout: 1\" | sudo tee \/etc\/nutanix\/epoch-dd-agent\/conf.d\/http_check.yaml\n\nsudo \/etc\/init.d\/epoch-collectors stop\nsudo EPOCH_ANALYSIS_DEPTH=layer7 \/opt\/nutanix\/epoch\/collectors\/configure.sh\nsudo \/etc\/init.d\/epoch-collectors restart\n","script_type":"sh","type":"","command_line_args":"","login_credential_local_reference":{"kind":"app_credential","name":"Ubuntu Credential"}},"timeout_secs":"0","type":"EXEC","variable_list":[]}],"description":"","name":"0ac8fecf_runbook","main_task_local_reference":{"kind":"app_task","name":"6a3170db_dag"},"variable_list":[]},"name":"Epoch Registration"},{"description":"","type":"user","critical":false,"runbook":{"task_definition_list":[{"retries":"0","description":"","child_tasks_local_reference_list":[{"kind":"app_task","name":"Add Category Value to VM"},{"kind":"app_task","name":"Restart NodeJS"}],"name":"587ae2b2_dag","attrs":{"edges":[{"from_task_reference":{"kind":"app_task","name":"Add Category Value to VM"},"edge_type":"user_defined","type":"","to_task_reference":{"kind":"app_task","name":"Restart NodeJS"}}],"type":""},"timeout_secs":"0","type":"DAG","variable_list":[]},{"target_any_local_reference":{"kind":"app_service","name":"NodeJS"},"retries":"0","description":"","child_tasks_local_reference_list":[],"name":"Add Category Value to VM","attrs":{"script":"user = \"@@{Prism Central User.username}@@\"\npassword = \"@@{Prism Central User.secret}@@\"\n\ndef process_request(url, method, user, password, headers, payload=None):\n  r = urlreq(url, verb=method, auth=\"BASIC\", user=user, passwd=password, params=payload, verify=False, headers=headers)\n  return r\n\npayload = {\"length\":500}\n\nbase_url = \"https:\/\/@@{pc_instance_ip}@@:9440\/api\/nutanix\/v3\/vms\"\nurl = base_url + \"\/list\"\nheaders = {'Accept': 'application\/json', 'Content-Type': 'application\/json'}\nurl_method = \"POST\"\n\nr = process_request(url, url_method, user, password, headers, json.dumps(payload))\nprint \"Response Status: \" + str(r.status_code)\nvm_list_json = r.json()\nfor vm in vm_list_json['entities']:\n  if (vm['spec']['name'] == \"@@{name}@@\"):\n    vm_json = vm\n\ndel vm_json['status']\nvm_json['metadata']['categories']['Deployment'] = \"@@{calm_application_name}@@\"\nprint \"Categories: \" + json.dumps(vm_json['metadata']['categories'])\nprint \"VM JSON: \" + json.dumps(vm_json)\n\nurl = base_url + \"\/\" + str(vm_json['metadata']['uuid'])\nurl_method = \"PUT\"\nr = process_request(url, url_method, user, password, headers, json.dumps(vm_json))\nprint \"Response Status: \" + str(r.status_code)\nprint \"Response: \", r.json()","type":"","command_line_args":"","exit_status":[],"script_type":"static"},"timeout_secs":"0","type":"EXEC","variable_list":[]},{"target_any_local_reference":{"kind":"app_service","name":"NodeJS"},"retries":"0","description":"","child_tasks_local_reference_list":[],"name":"Restart NodeJS","attrs":{"exit_status":[],"script":"echo \"Restart Node.js\"\nsudo systemctl restart nodejsapp\n\n#echo \"Check Status of Node.js\"\n#sudo systemctl status nodejsapp\n","script_type":"sh","type":"","command_line_args":"","login_credential_local_reference":{"kind":"app_credential","name":"Ubuntu Credential"}},"timeout_secs":"0","type":"EXEC","variable_list":[]}],"description":"","name":"8c025ba3_runbook","main_task_local_reference":{"kind":"app_task","name":"587ae2b2_dag"},"variable_list":[]},"name":"Deployment Category Update"},{"description":"","type":"user","critical":false,"runbook":{"task_definition_list":[{"retries":"0","description":"","child_tasks_local_reference_list":[{"kind":"app_task","name":"Install Mongo"}],"name":"464f8e38_dag","attrs":{"edges":[],"type":""},"timeout_secs":"0","type":"DAG","variable_list":[]},{"target_any_local_reference":{"kind":"app_service","name":"NodeJS"},"retries":"0","description":"","child_tasks_local_reference_list":[],"name":"Install Mongo","attrs":{"script":"echo \"Updating Ubuntu Repositories\"\nsudo apt-key adv --keyserver hkp:\/\/keyserver.ubuntu.com:80 --recv EA312927\n\necho \"deb http:\/\/repo.mongodb.org\/apt\/ubuntu xenial\/mongodb-org\/3.2 multiverse\" | sudo tee \/etc\/apt\/sources.list.d\/mongodb-org-3.2.list\nsudo apt-get update\n\necho \"Install MongoDB\"\nsudo apt-get install -y mongodb-org\n\necho \"Update mongod.conf\"\necho \"# mongod.conf\nstorage:\n  dbPath: \/var\/lib\/mongodb\n  journal:\n    enabled: true\n\nsystemLog:\n  destination: file\n  logAppend: true\n  path: \/var\/log\/mongodb\/mongod.log\n\nnet:\n  port: 27017\n  bindIp: 0.0.0.0\" | sudo tee \/etc\/mongod.conf\n\necho \"Start MongoDB Service\"\nsudo systemctl restart mongod\n","type":"","command_line_args":"","exit_status":[],"script_type":"sh"},"timeout_secs":"0","type":"EXEC","variable_list":[]}],"description":"","name":"301fcf68_runbook","main_task_local_reference":{"kind":"app_task","name":"464f8e38_dag"},"variable_list":[]},"name":"Mongo Install for Testing"}],"depends_on_list":[{"kind":"app_service","name":"MongoDB"}],"name":"NodeJS","port_list":[],"tier":"","variable_list":[],"description":""},{"singleton":false,"action_list":[{"description":"System action for creating an application","type":"system","critical":false,"runbook":{"task_definition_list":[{"target_any_local_reference":{"kind":"app_service","name":"Nginx"},"retries":"0","description":"","child_tasks_local_reference_list":[{"kind":"app_task","name":"Nginx Configuration"},{"kind":"app_task","name":"Epoch Registration"}],"name":"43c09141_dag","attrs":{"edges":[{"from_task_reference":{"kind":"app_task","name":"Nginx Configuration"},"edge_type":"user_defined","type":"","to_task_reference":{"kind":"app_task","name":"Epoch Registration"}}],"type":""},"timeout_secs":"0","type":"DAG","variable_list":[]},{"target_any_local_reference":{"kind":"app_service","name":"Nginx"},"retries":"0","description":"","child_tasks_local_reference_list":[],"name":"Nginx Configuration","attrs":{"type":"CALL_RUNBOOK","inarg_list":[],"runbook_reference":{"kind":"app_runbook","name":"0f4c6180_runbook"}},"timeout_secs":"0","type":"CALL_RUNBOOK","variable_list":[]},{"target_any_local_reference":{"kind":"app_service","name":"Nginx"},"retries":"0","description":"","child_tasks_local_reference_list":[],"name":"Epoch Registration","attrs":{"type":"CALL_RUNBOOK","inarg_list":[],"runbook_reference":{"kind":"app_runbook","name":"4418aa7f_runbook"}},"timeout_secs":"0","type":"CALL_RUNBOOK","variable_list":[]}],"description":"","name":"a0af322b_runbook","main_task_local_reference":{"kind":"app_task","name":"43c09141_dag"},"variable_list":[]},"name":"action_create"},{"description":"System action for deleting an application. Deletes created VMs as well","type":"system","critical":false,"runbook":{"task_definition_list":[{"target_any_local_reference":{"kind":"app_service","name":"Nginx"},"retries":"0","description":"","child_tasks_local_reference_list":[],"name":"0c1509c6_dag","attrs":{"edges":[],"type":""},"timeout_secs":"0","type":"DAG","variable_list":[]}],"description":"","name":"09067909_runbook","main_task_local_reference":{"kind":"app_task","name":"0c1509c6_dag"},"variable_list":[]},"name":"action_delete"},{"description":"System action for starting an application","type":"system","critical":false,"runbook":{"task_definition_list":[{"target_any_local_reference":{"kind":"app_service","name":"Nginx"},"retries":"0","description":"","child_tasks_local_reference_list":[],"name":"a807ccbf_dag","attrs":{"edges":[],"type":""},"timeout_secs":"0","type":"DAG","variable_list":[]}],"description":"","name":"8a33aaec_runbook","main_task_local_reference":{"kind":"app_task","name":"a807ccbf_dag"},"variable_list":[]},"name":"action_start"},{"description":"System action for stopping an application","type":"system","critical":false,"runbook":{"task_definition_list":[{"target_any_local_reference":{"kind":"app_service","name":"Nginx"},"retries":"0","description":"","child_tasks_local_reference_list":[],"name":"dbf714ad_dag","attrs":{"edges":[],"type":""},"timeout_secs":"0","type":"DAG","variable_list":[]}],"description":"","name":"3a6afede_runbook","main_task_local_reference":{"kind":"app_task","name":"dbf714ad_dag"},"variable_list":[]},"name":"action_stop"},{"description":"System action for restarting an application","type":"system","critical":false,"runbook":{"task_definition_list":[{"target_any_local_reference":{"kind":"app_service","name":"Nginx"},"retries":"0","description":"","child_tasks_local_reference_list":[],"name":"064c4dc5_dag","attrs":{"edges":[],"type":""},"timeout_secs":"0","type":"DAG","variable_list":[]}],"description":"","name":"87aa8d05_runbook","main_task_local_reference":{"kind":"app_task","name":"064c4dc5_dag"},"variable_list":[]},"name":"action_restart"},{"description":"","type":"user","critical":false,"runbook":{"task_definition_list":[{"retries":"0","description":"","child_tasks_local_reference_list":[{"kind":"app_task","name":"Install Nginx"}],"name":"5c719c23_dag","attrs":{"edges":[],"type":""},"timeout_secs":"0","type":"DAG","variable_list":[]},{"target_any_local_reference":{"kind":"app_service","name":"Nginx"},"retries":"0","description":"","child_tasks_local_reference_list":[],"name":"Install Nginx","attrs":{"exit_status":[],"script":"sudo apt-get update\nsudo apt-get install nginx -y","script_type":"sh","type":"","command_line_args":"","login_credential_local_reference":{"kind":"app_credential","name":"Ubuntu Credential"}},"timeout_secs":"0","type":"EXEC","variable_list":[]}],"description":"","name":"ea95f24d_runbook","main_task_local_reference":{"kind":"app_task","name":"5c719c23_dag"},"variable_list":[]},"name":"Nginx Installation"},{"description":"","type":"user","critical":false,"runbook":{"task_definition_list":[{"retries":"0","description":"","child_tasks_local_reference_list":[{"kind":"app_task","name":"Configure Nginx"}],"name":"490b0157_dag","attrs":{"edges":[],"type":""},"timeout_secs":"0","type":"DAG","variable_list":[]},{"target_any_local_reference":{"kind":"app_service","name":"Nginx"},"retries":"0","description":"","child_tasks_local_reference_list":[],"name":"Configure Nginx","attrs":{"exit_status":[],"script":"cd \/var\/www\/html\nsudo rm index.nginx-debian.html\nsudo wget http:\/\/@@{artifactory_ip}@@:8081\/artifactory\/@@{project_name}@@-local-repo\/@@{project_name}@@@@{build_number}@@\/web.tar.gz\nsudo tar xvfz web.tar.gz\n\nsudo sed -i 's\/NODEJS_IP_ADDRESS\/'@@{NodeJS.address}@@'\/' \/var\/www\/html\/js\/data.js\nsudo sed -i 's\/WEB_IP_ADDRESS\/'`ip address show dev ens3 | grep \"inet\" | grep -v \"inet6\" | cut -d '\/' -f1 | cut -d ' ' -f6`'\/' \/var\/www\/html\/index.html\nsudo sed -i 's\/WEB_SERVER_NAME\/'`hostname`'\/' \/var\/www\/html\/index.html\n\nsudo chmod 644 index.html\nsudo chmod 755 css\/\nsudo chmod 755 js\/\nsudo chmod 755 images\/\nsudo chmod 644 css\/*\nsudo chmod 644 js\/*\nsudo chmod 644 images\/*","script_type":"sh","type":"","command_line_args":"","login_credential_local_reference":{"kind":"app_credential","name":"Ubuntu Credential"}},"timeout_secs":"0","type":"EXEC","variable_list":[]}],"description":"","name":"0f4c6180_runbook","main_task_local_reference":{"kind":"app_task","name":"490b0157_dag"},"variable_list":[]},"name":"Nginx Configuration"},{"description":"","type":"user","critical":false,"runbook":{"task_definition_list":[{"retries":"0","description":"","child_tasks_local_reference_list":[{"kind":"app_task","name":"Register with Epoch"},{"kind":"app_task","name":"Install Nginx Default SitesEnabled Config"},{"kind":"app_task","name":"Install Nginx Collectors for Epoch"}],"name":"a190c88d_dag","attrs":{"edges":[{"from_task_reference":{"kind":"app_task","name":"Register with Epoch"},"edge_type":"user_defined","type":"","to_task_reference":{"kind":"app_task","name":"Install Nginx Default SitesEnabled Config"}},{"from_task_reference":{"kind":"app_task","name":"Install Nginx Default SitesEnabled Config"},"edge_type":"user_defined","type":"","to_task_reference":{"kind":"app_task","name":"Install Nginx Collectors for Epoch"}}],"type":""},"timeout_secs":"0","type":"DAG","variable_list":[]},{"target_any_local_reference":{"kind":"app_service","name":"Nginx"},"retries":"0","description":"","child_tasks_local_reference_list":[],"name":"Register with Epoch","attrs":{"exit_status":[],"script":"sudo wget --no-check-certificate --header=\"userport: 443\" \\\n     -O \/usr\/bin\/install-epoch-collectors.sh https:\/\/@@{epoch_aoc_host}@@\/install_epoch_collectors\nsudo chmod +x \/usr\/bin\/install-epoch-collectors.sh \\\n     && EPOCH_ANALYSIS_DEPTH=layer7 EPOCH_AOC_HOST=@@{epoch_aoc_host}@@ EPOCH_ORGANIZATION_ID=@@{epoch_org_id}@@ EPOCH_ANALYSIS_DEPTH=layer4 EPOCH_AUTOUPGRADE_COLLECTORS=no \/usr\/bin\/install-epoch-collectors.sh\nsudo \/etc\/init.d\/epoch-collectors restart","script_type":"sh","type":"","command_line_args":"","login_credential_local_reference":{"kind":"app_credential","name":"Ubuntu Credential"}},"timeout_secs":"0","type":"EXEC","variable_list":[]},{"target_any_local_reference":{"kind":"app_service","name":"Nginx"},"retries":"0","description":"","child_tasks_local_reference_list":[],"name":"Install Nginx Default SitesEnabled Config","attrs":{"exit_status":[],"script":"echo \"Default Nginx Site-Enabled Config\"\necho 'server {\n\tlisten 80 default_server;\n\tlisten [::]:80 default_server;\n\n\troot \/var\/www\/html;\n\n\tindex index.html index.htm index.nginx-debian.html;\n\n\tserver_name _;\n\n\tlocation \/ {\n\t\ttry_files $uri $uri\/ =404;\n\t}\n\n    location \/nginx_status {\n        stub_status;\n    }\n}' | sudo tee \/etc\/nginx\/sites-enabled\/default\n\nsudo systemctl restart nginx","script_type":"sh","type":"","command_line_args":"","login_credential_local_reference":{"kind":"app_credential","name":"Ubuntu Credential"}},"timeout_secs":"0","type":"EXEC","variable_list":[]},{"target_any_local_reference":{"kind":"app_service","name":"Nginx"},"retries":"0","description":"","child_tasks_local_reference_list":[],"name":"Install Nginx Collectors for Epoch","attrs":{"exit_status":[],"script":"echo \"Install Nginx Collector\"\necho \"init_config:\n\ninstances:\n  - nginx_status_url: http:\/\/localhost\/nginx_status\/\n\" | sudo tee \/etc\/nutanix\/epoch-dd-agent\/conf.d\/nginx.yaml\n  \necho \"Install Http-Check Collector\"\necho \"init_config:\ninstances:\n  - name: Nginx Web Page\n    url: http:\/\/localhost\n    timeout: 1\n  - name: Nodejs API\n    url: https:\/\/@@{NodeJS.address}@@:3000\/api\" | sudo tee \/etc\/nutanix\/epoch-dd-agent\/conf.d\/http_check.yaml\n    \nsudo \/etc\/init.d\/epoch-collectors stop\nsudo EPOCH_ANALYSIS_DEPTH=layer7 \/opt\/nutanix\/epoch\/collectors\/configure.sh\nsudo \/etc\/init.d\/epoch-collectors restart\n","script_type":"sh","type":"","command_line_args":"","login_credential_local_reference":{"kind":"app_credential","name":"Ubuntu Credential"}},"timeout_secs":"0","type":"EXEC","variable_list":[]}],"description":"","name":"4418aa7f_runbook","main_task_local_reference":{"kind":"app_task","name":"a190c88d_dag"},"variable_list":[]},"name":"Epoch Registration"}],"depends_on_list":[{"kind":"app_service","name":"NodeJS"}],"name":"Nginx","port_list":[],"tier":"","variable_list":[],"description":""},{"singleton":false,"action_list":[{"description":"System action for creating an application","type":"system","critical":false,"runbook":{"task_definition_list":[{"target_any_local_reference":{"kind":"app_service","name":"Flow"},"retries":"0","description":"","child_tasks_local_reference_list":[],"name":"dc2e8edc_dag","attrs":{"edges":[],"type":""},"timeout_secs":"0","type":"DAG","variable_list":[]}],"description":"","name":"51901a0a_runbook","main_task_local_reference":{"kind":"app_task","name":"dc2e8edc_dag"},"variable_list":[]},"name":"action_create"},{"description":"System action for deleting an application. Deletes created VMs as well","type":"system","critical":false,"runbook":{"task_definition_list":[{"target_any_local_reference":{"kind":"app_service","name":"Flow"},"retries":"0","description":"","child_tasks_local_reference_list":[],"name":"4986ead2_dag","attrs":{"edges":[],"type":""},"timeout_secs":"0","type":"DAG","variable_list":[]}],"description":"","name":"17f01764_runbook","main_task_local_reference":{"kind":"app_task","name":"4986ead2_dag"},"variable_list":[]},"name":"action_delete"},{"description":"System action for starting an application","type":"system","critical":false,"runbook":{"task_definition_list":[{"target_any_local_reference":{"kind":"app_service","name":"Flow"},"retries":"0","description":"","child_tasks_local_reference_list":[],"name":"9bb13040_dag","attrs":{"edges":[],"type":""},"timeout_secs":"0","type":"DAG","variable_list":[]}],"description":"","name":"1ed73430_runbook","main_task_local_reference":{"kind":"app_task","name":"9bb13040_dag"},"variable_list":[]},"name":"action_start"},{"description":"System action for stopping an application","type":"system","critical":false,"runbook":{"task_definition_list":[{"target_any_local_reference":{"kind":"app_service","name":"Flow"},"retries":"0","description":"","child_tasks_local_reference_list":[],"name":"ebc9651a_dag","attrs":{"edges":[],"type":""},"timeout_secs":"0","type":"DAG","variable_list":[]}],"description":"","name":"3c75d543_runbook","main_task_local_reference":{"kind":"app_task","name":"ebc9651a_dag"},"variable_list":[]},"name":"action_stop"},{"description":"System action for restarting an application","type":"system","critical":false,"runbook":{"task_definition_list":[{"target_any_local_reference":{"kind":"app_service","name":"Flow"},"retries":"0","description":"","child_tasks_local_reference_list":[],"name":"b5af616e_dag","attrs":{"edges":[],"type":""},"timeout_secs":"0","type":"DAG","variable_list":[]}],"description":"","name":"c618162c_runbook","main_task_local_reference":{"kind":"app_task","name":"b5af616e_dag"},"variable_list":[]},"name":"action_restart"},{"description":"","type":"user","critical":false,"runbook":{"task_definition_list":[{"retries":"0","description":"","child_tasks_local_reference_list":[{"kind":"app_task","name":"Update Deployment Value"}],"name":"6ae35cb9_dag","attrs":{"edges":[],"type":""},"timeout_secs":"0","type":"DAG","variable_list":[]},{"target_any_local_reference":{"kind":"app_service","name":"Flow"},"retries":"0","description":"","child_tasks_local_reference_list":[],"name":"Update Deployment Value","attrs":{"script":"user = \"@@{Prism Central User.username}@@\"\npassword = \"@@{Prism Central User.secret}@@\"\n\ndef process_request(url, method, user, password, headers, payload=None):\n    r = urlreq(url, verb=method, auth=\"BASIC\", user=user, passwd=password, params=payload, verify=False, headers=headers)\n    return r\n\nurl = \"https:\/\/@@{pc_instance_ip}@@:9440\/api\/nutanix\/v3\/categories\/Deployment\/@@{calm_application_name}@@\"\nheaders = {'Accept': 'application\/json', 'Content-Type': 'application\/json'}\nurl_method = \"PUT\"\npayload = {\"value\": \"@@{calm_application_name}@@\",\"description\":\"@@{calm_application_name}@@ deployment\"}\nr = process_request(url, url_method, user, password, headers, json.dumps(payload))\nprint \"Response Status: \" + str(r.status_code)\nprint \"Response: \", r.json()\n\n","type":"","command_line_args":"","exit_status":[],"script_type":"static"},"timeout_secs":"0","type":"EXEC","variable_list":[]}],"description":"","name":"98251ac5_runbook","main_task_local_reference":{"kind":"app_task","name":"6ae35cb9_dag"},"variable_list":[]},"name":"Create Category"},{"description":"","type":"user","critical":false,"runbook":{"task_definition_list":[{"retries":"0","description":"","child_tasks_local_reference_list":[{"kind":"app_task","name":"Delete Deployment Value"}],"name":"6ae35cb9_dag_cloned_1","attrs":{"edges":[],"type":""},"timeout_secs":"0","type":"DAG","variable_list":[]},{"target_any_local_reference":{"kind":"app_service","name":"Flow"},"retries":"0","description":"","child_tasks_local_reference_list":[],"name":"Delete Deployment Value","attrs":{"script":"user = \"@@{Prism Central User.username}@@\"\npassword = \"@@{Prism Central User.secret}@@\"\n\ndef process_request(url, method, user, password, headers, payload=None):\n    r = urlreq(url, verb=method, auth=\"BASIC\", user=user, passwd=password, params=payload, verify=False, headers=headers)\n    return r\n\nurl = \"https:\/\/@@{pc_instance_ip}@@:9440\/api\/nutanix\/v3\/categories\/Deployment\/@@{calm_application_name}@@\"\nheaders = {'Accept': 'application\/json', 'Content-Type': 'application\/json'}\nurl_method = \"DELETE\"\nr = process_request(url, url_method, user, password, headers)\nprint \"Response Status: \" + str(r.status_code)\n","type":"","command_line_args":"","exit_status":[],"script_type":"static"},"timeout_secs":"0","type":"EXEC","variable_list":[]}],"description":"","name":"98251ac5_runbook_cloned_0","main_task_local_reference":{"kind":"app_task","name":"6ae35cb9_dag_cloned_1"},"variable_list":[]},"name":"Delete Category"},{"description":"","type":"user","critical":false,"runbook":{"task_definition_list":[{"retries":"0","description":"","child_tasks_local_reference_list":[{"kind":"app_task","name":"Create Policy"}],"name":"9281782f_dag","attrs":{"edges":[],"type":""},"timeout_secs":"0","type":"DAG","variable_list":[]},{"target_any_local_reference":{"kind":"app_service","name":"Flow"},"retries":"0","description":"","child_tasks_local_reference_list":[],"name":"Create Policy","attrs":{"exit_status":[],"script":"user = \"@@{Prism Central User.username}@@\"\npassword = \"@@{Prism Central User.secret}@@\"\n\ndef process_request(url, method, user, password, headers, payload=None):\n    r = urlreq(url, verb=method, auth=\"BASIC\", user=user, passwd=password, params=payload, verify=False, headers=headers)\n    return r\n\nurl = \"https:\/\/@@{pc_instance_ip}@@:9440\/api\/nutanix\/v3\/network_security_rules\"\nheaders = {'Accept': 'application\/json', 'Content-Type': 'application\/json'}\nurl_method = \"POST\"\n\npayload = {\n    \"metadata\": {\n        \"categories\": {},\n        \"kind\": \"network_security_rule\",\n        \"spec_version\": 0\n    },\n    \"spec\": {\n        \"description\": \"Secure mongo @@{calm_application_name}@@ deployment\",\n        \"name\": \"@@{calm_application_name}@@_Policy\",\n        \"resources\": {\n            \"app_rule\": {\n                \"action\": \"APPLY\",\n                \"inbound_allow_list\": [\n                    {\n                        \"filter\": {\n                            \"kind_list\": [\n                                \"vm\"\n                            ],\n                            \"params\": {\n                                \"AppType\": [\n                                    \"Node.js_Deployment\"\n                                ],\n                                \"Deployment\": [\n                                    \"@@{calm_application_name}@@\"\n                                ]\n                            },\n                            \"type\": \"CATEGORIES_MATCH_ALL\"\n                        },\n                        \"peer_specification_type\": \"FILTER\",\n                        \"protocol\": \"TCP\",\n                        \"tcp_port_range_list\": [\n                            {\n                                \"end_port\": 27017,\n                                \"start_port\": 27017\n                            }\n                        ]\n                    },\n                    {\n                        \"ip_subnet\": {\n                            \"ip\": \"10.1.176.99\",\n                            \"prefix_length\": 32\n                        },\n                        \"peer_specification_type\": \"IP_SUBNET\",\n                        \"protocol\": \"TCP\",\n                        \"tcp_port_range_list\": [\n                            {\n                                \"end_port\": 22,\n                                \"start_port\": 22\n                            },\n                            {\n                                \"end_port\": 23,\n                                \"start_port\": 23\n                            }\n                        ]\n                    },\n                    {\n                        \"icmp_type_code_list\": [\n                            {\n                                \"code\": 0,\n                                \"type\": 8\n                            }\n                        ],\n                        \"ip_subnet\": {\n                            \"ip\": \"10.1.176.99\",\n                            \"prefix_length\": 32\n                        },\n                        \"peer_specification_type\": \"IP_SUBNET\",\n                        \"protocol\": \"ICMP\"\n                    }\n                ],\n                \"outbound_allow_list\": [\n                    {\n                        \"peer_specification_type\": \"ALL\"\n                    }\n                ],\n                \"target_group\": {\n                    \"filter\": {\n                        \"kind_list\": [\n                            \"vm\"\n                        ],\n                        \"params\": {\n                            \"AppType\": [\n                                \"Mongo_Deployment\"\n                            ],\n                            \"Deployment\": [\n                                \"@@{calm_application_name}@@\"\n                            ]\n                        },\n                        \"type\": \"CATEGORIES_MATCH_ALL\"\n                    },\n                    \"peer_specification_type\": \"FILTER\"\n                }\n            }\n        }\n    }\n}\n\nprint \"Payload: \" + json.dumps(payload)\n\nr = process_request(url, url_method, user, password, headers, json.dumps(payload))\nprint \"Response Status: \" + str(r.status_code)\nprint \"Response: \", r.json()\n\nprint \"policy_uuid=\", r.json()['metadata']['uuid']\n","eval_variables":["policy_uuid"],"eval_scope":"local","type":"","script_type":"static"},"timeout_secs":"0","type":"SET_VARIABLE","variable_list":[]}],"description":"","name":"9d1d6d3d_runbook","main_task_local_reference":{"kind":"app_task","name":"9281782f_dag"},"variable_list":[]},"name":"Create Policy"},{"description":"","type":"user","critical":false,"runbook":{"task_definition_list":[{"retries":"0","description":"","child_tasks_local_reference_list":[{"kind":"app_task","name":"Delete Policy"}],"name":"6ae35cb9_dag_cloned_1_cloned_1","attrs":{"edges":[],"type":""},"timeout_secs":"0","type":"DAG","variable_list":[]},{"target_any_local_reference":{"kind":"app_service","name":"Flow"},"retries":"0","description":"","child_tasks_local_reference_list":[],"name":"Delete Policy","attrs":{"script":"user = \"@@{Prism Central User.username}@@\"\npassword = \"@@{Prism Central User.secret}@@\"\n\ndef process_request(url, method, user, password, headers, payload=None):\n    r = urlreq(url, verb=method, auth=\"BASIC\", user=user, passwd=password, params=payload, verify=False, headers=headers)\n    return r\n\nurl = \"https:\/\/@@{pc_instance_ip}@@:9440\/api\/nutanix\/v3\/network_security_rules\/@@{policy_uuid}@@\"\nheaders = {'Accept': 'application\/json', 'Content-Type': 'application\/json'}\nurl_method = \"DELETE\"\nr = process_request(url, url_method, user, password, headers)\nprint \"Response Status: \" + str(r.status_code)\n","type":"","command_line_args":"","exit_status":[],"script_type":"static"},"timeout_secs":"0","type":"EXEC","variable_list":[]}],"description":"","name":"98251ac5_runbook_cloned_0_cloned_0","main_task_local_reference":{"kind":"app_task","name":"6ae35cb9_dag_cloned_1_cloned_1"},"variable_list":[]},"name":"Delete Policy"}],"depends_on_list":[],"name":"Flow","port_list":[],"tier":"","variable_list":[{"val_type":"STRING","description":"","name":"policy_uuid","type":"LOCAL","value":"","label":"","attrs":{"type":""}}],"description":""}],"substrate_definition_list":[{"description":"","action_list":[],"type":"AHV_VM","name":"MongoDBVM","readiness_probe":{"connection_type":"SSH","disable_readiness_probe":false,"address":"@@{platform.status.resources.nic_list[0].ip_endpoint_list[0].ip}@@","delay_secs":"0","connection_port":22,"login_credential_local_reference":{"kind":"app_credential","name":"Ubuntu Credential"}},"editables":{"create_spec":{"resources":{"nic_list":{},"serial_port_list":{},"disk_list":{}}}},"os_type":"Linux","create_spec":{"name":"mongodb-vm-@@{calm_random}@@","resources":{"nic_list":[{"nic_type":"NORMAL_NIC","ip_endpoint_list":[],"network_function_chain_reference":null,"network_function_nic_type":"INGRESS","mac_address":"","subnet_reference":{"kind":"subnet","type":"","name":"","uuid":"ec9e4ca2-1588-40d6-9b85-256579e9820b"},"type":""}],"serial_port_list":[],"guest_tools":null,"num_vcpus_per_socket":1,"num_sockets":1,"gpu_list":[],"memory_size_mib":1024,"parent_reference":null,"hardware_clock_timezone":"","guest_customization":{"cloud_init":{"meta_data":"","type":"","user_data":"#cloud-config\nfqdn: @@{name}@@.gso.lab\nmanage_etc_hosts: true\nhostname: @@{name}@@"},"type":"","sysprep":null},"power_state":"ON","type":"","boot_config":{"boot_device":{"type":"","disk_address":{"type":"","device_index":0,"adapter_type":"SCSI"}},"type":"","mac_address":""},"disk_list":[{"data_source_reference":{"kind":"image","type":"","name":"Ubuntu-16.04-Cloud-Init","uuid":"58c7a3ee-a6ca-4657-9753-f5af6b8c8d76"},"type":"","disk_size_mib":0,"volume_group_reference":null,"device_properties":{"type":"","disk_address":{"type":"","device_index":0,"adapter_type":"SCSI"},"device_type":"DISK"}}]},"availability_zone_reference":null,"backup_policy":null,"type":"","cluster_reference":null,"categories":{"AppFamily":"Databases","Environment":"Dev","AppType":"Mongo_Deployment"}},"variable_list":[]},{"description":"","action_list":[],"type":"AHV_VM","name":"NodeJSVM","readiness_probe":{"connection_type":"SSH","disable_readiness_probe":false,"address":"@@{platform.status.resources.nic_list[0].ip_endpoint_list[0].ip}@@","delay_secs":"0","connection_port":22,"login_credential_local_reference":{"kind":"app_credential","name":"Ubuntu Credential"}},"editables":{"create_spec":{"resources":{"nic_list":{},"serial_port_list":{},"disk_list":{}}}},"os_type":"Linux","create_spec":{"name":"nodejs-vm-@@{calm_random}@@","resources":{"nic_list":[{"nic_type":"NORMAL_NIC","ip_endpoint_list":[],"network_function_chain_reference":null,"network_function_nic_type":"INGRESS","mac_address":"","subnet_reference":{"kind":"subnet","type":"","name":"","uuid":"ec9e4ca2-1588-40d6-9b85-256579e9820b"},"type":""}],"serial_port_list":[],"guest_tools":null,"num_vcpus_per_socket":1,"num_sockets":1,"gpu_list":[],"memory_size_mib":1024,"parent_reference":null,"hardware_clock_timezone":"","guest_customization":{"cloud_init":{"meta_data":"","type":"","user_data":"#cloud-config\nfqdn: @@{name}@@.gso.lab\nmanage_etc_hosts: true\nhostname: @@{name}@@"},"type":"","sysprep":null},"power_state":"ON","type":"","boot_config":{"boot_device":{"type":"","disk_address":{"type":"","device_index":0,"adapter_type":"SCSI"}},"type":"","mac_address":""},"disk_list":[{"data_source_reference":{"kind":"image","type":"","name":"Ubuntu-16.04-Cloud-Init","uuid":"58c7a3ee-a6ca-4657-9753-f5af6b8c8d76"},"type":"","disk_size_mib":0,"volume_group_reference":null,"device_properties":{"type":"","disk_address":{"type":"","device_index":0,"adapter_type":"SCSI"},"device_type":"DISK"}}]},"availability_zone_reference":null,"backup_policy":null,"type":"","cluster_reference":null,"categories":{"AppFamily":"App-Servers","Environment":"Dev","AppType":"Node.js_Deployment"}},"variable_list":[]},{"description":"","action_list":[],"type":"AHV_VM","name":"NginxVM","readiness_probe":{"connection_type":"SSH","disable_readiness_probe":false,"address":"@@{platform.status.resources.nic_list[0].ip_endpoint_list[0].ip}@@","delay_secs":"0","connection_port":22,"login_credential_local_reference":{"kind":"app_credential","name":"Ubuntu Credential"}},"editables":{"create_spec":{"resources":{"nic_list":{},"serial_port_list":{},"disk_list":{}}}},"os_type":"Linux","create_spec":{"name":"nginx-vm-@@{calm_random}@@","resources":{"nic_list":[{"nic_type":"NORMAL_NIC","ip_endpoint_list":[],"network_function_chain_reference":null,"network_function_nic_type":"INGRESS","mac_address":"","subnet_reference":{"kind":"subnet","type":"","name":"","uuid":"ec9e4ca2-1588-40d6-9b85-256579e9820b"},"type":""}],"serial_port_list":[],"guest_tools":null,"num_vcpus_per_socket":1,"num_sockets":1,"gpu_list":[],"memory_size_mib":1024,"parent_reference":null,"hardware_clock_timezone":"","guest_customization":{"cloud_init":{"meta_data":"","type":"","user_data":"#cloud-config\nfqdn: @@{name}@@.gso.lab\nmanage_etc_hosts: true\nhostname: @@{name}@@"},"type":"","sysprep":null},"power_state":"ON","type":"","boot_config":{"boot_device":{"type":"","disk_address":{"type":"","device_index":0,"adapter_type":"SCSI"}},"type":"","mac_address":""},"disk_list":[{"data_source_reference":{"kind":"image","type":"","name":"Ubuntu-16.04-Cloud-Init","uuid":"58c7a3ee-a6ca-4657-9753-f5af6b8c8d76"},"type":"","disk_size_mib":0,"volume_group_reference":null,"device_properties":{"type":"","disk_address":{"type":"","device_index":0,"adapter_type":"SCSI"},"device_type":"DISK"}}]},"availability_zone_reference":null,"backup_policy":null,"type":"","cluster_reference":null,"categories":{"AppFamily":"Web-Servers","Environment":"Dev","AppType":"Nginx"}},"variable_list":[]},{"description":"","action_list":[],"type":"EXISTING_VM","name":"Category VM","readiness_probe":{"connection_type":"SSH","disable_readiness_probe":true,"delay_secs":"60","connection_port":22,"address":"@@{ip_address}@@"},"os_type":"Linux","create_spec":{"type":"PROVISION_EXISTING_MACHINE","address":"0.0.0.0"},"variable_list":[]}],"credential_definition_list":[{"username":"nutanix","description":"","type":"PASSWORD","secret":{"attrs":{"is_secret_modified":false,"secret_reference":{}}},"name":"Ubuntu Credential"},{"username":"admin","description":"","type":"PASSWORD","secret":{"attrs":{"is_secret_modified":false,"secret_reference":{}}},"name":"Prism Central User"}],"package_definition_list":[{"description":"","action_list":[],"type":"DEB","service_local_reference_list":[{"kind":"app_service","name":"MongoDB"}],"name":"MongoDBPackage","version":"","options":{"install_runbook":{"task_definition_list":[{"target_any_local_reference":{"kind":"app_package","name":"MongoDBPackage"},"retries":"0","description":"","message_list":[],"child_tasks_local_reference_list":[{"kind":"app_task","name":"MongoDB Installation"},{"kind":"app_task","name":"MongoDB Load"}],"name":"a62ab18f_dag","state":"ACTIVE","attrs":{"edges":[{"from_task_reference":{"kind":"app_task","name":"MongoDB Installation"},"edge_type":"user_defined","type":"","to_task_reference":{"kind":"app_task","name":"MongoDB Load"}}],"type":""},"timeout_secs":"0","type":"DAG","variable_list":[]},{"target_any_local_reference":{"kind":"app_service","name":"MongoDB"},"retries":"0","description":"","message_list":[],"child_tasks_local_reference_list":[],"name":"MongoDB Installation","state":"ACTIVE","attrs":{"type":"CALL_RUNBOOK","inarg_list":[],"runbook_reference":{"kind":"app_runbook","name":"5d61bb96_runbook"}},"timeout_secs":"0","type":"CALL_RUNBOOK","variable_list":[]},{"target_any_local_reference":{"kind":"app_service","name":"MongoDB"},"retries":"0","description":"","message_list":[],"child_tasks_local_reference_list":[],"name":"MongoDB Load","state":"ACTIVE","attrs":{"type":"CALL_RUNBOOK","inarg_list":[],"runbook_reference":{"kind":"app_runbook","name":"ef6b3a3e_runbook"}},"timeout_secs":"0","type":"CALL_RUNBOOK","variable_list":[]}],"description":"","name":"ebfc1042_runbook","state":"ACTIVE","main_task_local_reference":{"kind":"app_task","name":"a62ab18f_dag"},"message_list":[],"variable_list":[]},"type":"","uninstall_runbook":{"task_definition_list":[{"target_any_local_reference":{"kind":"app_package","name":"MongoDBPackage"},"retries":"0","description":"","message_list":[],"child_tasks_local_reference_list":[],"name":"6f5d9a5a_dag","state":"ACTIVE","attrs":{"edges":[],"type":""},"timeout_secs":"0","type":"DAG","variable_list":[]}],"description":"","name":"d67184d7_runbook","state":"ACTIVE","main_task_local_reference":{"kind":"app_task","name":"6f5d9a5a_dag"},"message_list":[],"variable_list":[]}},"variable_list":[]},{"description":"","action_list":[],"type":"DEB","service_local_reference_list":[{"kind":"app_service","name":"NodeJS"}],"name":"NodeJSPackage","version":"","options":{"install_runbook":{"task_definition_list":[{"target_any_local_reference":{"kind":"app_package","name":"NodeJSPackage"},"retries":"0","description":"","message_list":[],"child_tasks_local_reference_list":[{"kind":"app_task","name":"NodeJS Installation"},{"kind":"app_task","name":"NPM Installation"},{"kind":"app_task","name":"Mongo Install for Testing"}],"name":"8a5423be_dag","state":"ACTIVE","attrs":{"edges":[{"from_task_reference":{"kind":"app_task","name":"NodeJS Installation"},"edge_type":"user_defined","type":"","to_task_reference":{"kind":"app_task","name":"NPM Installation"}},{"from_task_reference":{"kind":"app_task","name":"NPM Installation"},"edge_type":"user_defined","type":"","to_task_reference":{"kind":"app_task","name":"Mongo Install for Testing"}}],"type":""},"timeout_secs":"0","type":"DAG","variable_list":[]},{"target_any_local_reference":{"kind":"app_service","name":"NodeJS"},"retries":"0","description":"","message_list":[],"child_tasks_local_reference_list":[],"name":"NodeJS Installation","state":"ACTIVE","attrs":{"type":"CALL_RUNBOOK","inarg_list":[],"runbook_reference":{"kind":"app_runbook","name":"2462adfe_runbook"}},"timeout_secs":"0","type":"CALL_RUNBOOK","variable_list":[]},{"target_any_local_reference":{"kind":"app_service","name":"NodeJS"},"retries":"0","description":"","message_list":[],"child_tasks_local_reference_list":[],"name":"NPM Installation","state":"ACTIVE","attrs":{"type":"CALL_RUNBOOK","inarg_list":[],"runbook_reference":{"kind":"app_runbook","name":"ace70036_runbook"}},"timeout_secs":"0","type":"CALL_RUNBOOK","variable_list":[]},{"target_any_local_reference":{"kind":"app_service","name":"NodeJS"},"retries":"0","description":"","message_list":[],"child_tasks_local_reference_list":[],"name":"Mongo Install for Testing","state":"ACTIVE","attrs":{"type":"CALL_RUNBOOK","inarg_list":[],"runbook_reference":{"kind":"app_runbook","name":"301fcf68_runbook"}},"timeout_secs":"0","type":"CALL_RUNBOOK","variable_list":[]}],"description":"","name":"e7bb43e7_runbook","state":"ACTIVE","main_task_local_reference":{"kind":"app_task","name":"8a5423be_dag"},"message_list":[],"variable_list":[]},"type":"","uninstall_runbook":{"task_definition_list":[{"target_any_local_reference":{"kind":"app_package","name":"NodeJSPackage"},"retries":"0","description":"","message_list":[],"child_tasks_local_reference_list":[],"name":"8f25d35a_dag","state":"ACTIVE","attrs":{"edges":[],"type":""},"timeout_secs":"0","type":"DAG","variable_list":[]}],"description":"","name":"a3c0d4f4_runbook","state":"ACTIVE","main_task_local_reference":{"kind":"app_task","name":"8f25d35a_dag"},"message_list":[],"variable_list":[]}},"variable_list":[]},{"description":"","action_list":[],"type":"DEB","service_local_reference_list":[{"kind":"app_service","name":"Nginx"}],"name":"NginxPackage","version":"","options":{"install_runbook":{"task_definition_list":[{"target_any_local_reference":{"kind":"app_package","name":"NginxPackage"},"retries":"0","description":"","message_list":[],"child_tasks_local_reference_list":[{"kind":"app_task","name":"Nginx Installation"}],"name":"77c6710d_dag","state":"ACTIVE","attrs":{"edges":[],"type":""},"timeout_secs":"0","type":"DAG","variable_list":[]},{"target_any_local_reference":{"kind":"app_service","name":"Nginx"},"retries":"0","description":"","message_list":[],"child_tasks_local_reference_list":[],"name":"Nginx Installation","state":"ACTIVE","attrs":{"type":"CALL_RUNBOOK","inarg_list":[],"runbook_reference":{"kind":"app_runbook","name":"ea95f24d_runbook"}},"timeout_secs":"0","type":"CALL_RUNBOOK","variable_list":[]}],"description":"","name":"aa48ffba_runbook","state":"ACTIVE","main_task_local_reference":{"kind":"app_task","name":"77c6710d_dag"},"message_list":[],"variable_list":[]},"type":"","uninstall_runbook":{"task_definition_list":[{"target_any_local_reference":{"kind":"app_package","name":"NginxPackage"},"retries":"0","description":"","message_list":[],"child_tasks_local_reference_list":[],"name":"01e202b8_dag","state":"ACTIVE","attrs":{"edges":[],"type":""},"timeout_secs":"0","type":"DAG","variable_list":[]}],"description":"","name":"e47f81a1_runbook","state":"ACTIVE","main_task_local_reference":{"kind":"app_task","name":"01e202b8_dag"},"message_list":[],"variable_list":[]}},"variable_list":[]},{"description":"","action_list":[],"type":"DEB","service_local_reference_list":[{"kind":"app_service","name":"Flow"}],"name":"Category Package","version":"","options":{"install_runbook":{"task_definition_list":[{"target_any_local_reference":{"kind":"app_package","name":"Category Package"},"retries":"0","description":"","message_list":[],"child_tasks_local_reference_list":[{"kind":"app_task","name":"Create Deployment"},{"kind":"app_task","name":"Create Policy"}],"name":"c64ad0bd_dag","state":"ACTIVE","attrs":{"edges":[{"from_task_reference":{"kind":"app_task","name":"Create Deployment"},"edge_type":"user_defined","type":"","to_task_reference":{"kind":"app_task","name":"Create Policy"}}],"type":""},"timeout_secs":"0","type":"DAG","variable_list":[]},{"target_any_local_reference":{"kind":"app_service","name":"Flow"},"retries":"0","description":"","message_list":[],"child_tasks_local_reference_list":[],"name":"Create Deployment","state":"ACTIVE","attrs":{"type":"CALL_RUNBOOK","inarg_list":[],"runbook_reference":{"kind":"app_runbook","name":"98251ac5_runbook"}},"timeout_secs":"0","type":"CALL_RUNBOOK","variable_list":[]},{"target_any_local_reference":{"kind":"app_service","name":"Flow"},"retries":"0","description":"","message_list":[],"child_tasks_local_reference_list":[],"name":"Create Policy","state":"ACTIVE","attrs":{"type":"CALL_RUNBOOK","inarg_list":[],"runbook_reference":{"kind":"app_runbook","name":"9d1d6d3d_runbook"}},"timeout_secs":"0","type":"CALL_RUNBOOK","variable_list":[]}],"description":"","name":"1d2414e3_runbook","state":"ACTIVE","main_task_local_reference":{"kind":"app_task","name":"c64ad0bd_dag"},"message_list":[],"variable_list":[]},"type":"","uninstall_runbook":{"task_definition_list":[{"target_any_local_reference":{"kind":"app_package","name":"Category Package"},"retries":"0","description":"","message_list":[],"child_tasks_local_reference_list":[{"kind":"app_task","name":"Delete Deployment"},{"kind":"app_task","name":"Delete Policy"}],"name":"3405d0e0_dag","state":"ACTIVE","attrs":{"edges":[{"from_task_reference":{"kind":"app_task","name":"Delete Deployment"},"edge_type":"user_defined","type":"","to_task_reference":{"kind":"app_task","name":"Delete Policy"}}],"type":""},"timeout_secs":"0","type":"DAG","variable_list":[]},{"target_any_local_reference":{"kind":"app_service","name":"Flow"},"retries":"0","description":"","message_list":[],"child_tasks_local_reference_list":[],"name":"Delete Deployment","state":"ACTIVE","attrs":{"type":"CALL_RUNBOOK","inarg_list":[],"runbook_reference":{"kind":"app_runbook","name":"98251ac5_runbook_cloned_0"}},"timeout_secs":"0","type":"CALL_RUNBOOK","variable_list":[]},{"target_any_local_reference":{"kind":"app_service","name":"Flow"},"retries":"0","description":"","message_list":[],"child_tasks_local_reference_list":[],"name":"Delete Policy","state":"ACTIVE","attrs":{"type":"CALL_RUNBOOK","inarg_list":[],"runbook_reference":{"kind":"app_runbook","name":"98251ac5_runbook_cloned_0_cloned_0"}},"timeout_secs":"0","type":"CALL_RUNBOOK","variable_list":[]}],"description":"","name":"ca4f0169_runbook","state":"ACTIVE","main_task_local_reference":{"kind":"app_task","name":"3405d0e0_dag"},"message_list":[],"variable_list":[]}},"variable_list":[]}],"app_profile_list":[{"deployment_create_list":[{"type":"GREENFIELD","action_list":[],"depends_on_list":[],"name":"f8416720_deployment","published_service_local_reference_list":[],"max_replicas":"1","package_local_reference_list":[{"kind":"app_package","name":"MongoDBPackage"}],"substrate_local_reference":{"kind":"app_substrate","name":"MongoDBVM"},"min_replicas":"1","variable_list":[],"description":""},{"type":"GREENFIELD","action_list":[],"depends_on_list":[],"name":"c4a7ebbf_deployment","published_service_local_reference_list":[],"max_replicas":"1","package_local_reference_list":[{"kind":"app_package","name":"NodeJSPackage"}],"substrate_local_reference":{"kind":"app_substrate","name":"NodeJSVM"},"min_replicas":"1","variable_list":[],"description":""},{"type":"GREENFIELD","action_list":[],"depends_on_list":[],"name":"02eb0f42_deployment","published_service_local_reference_list":[],"max_replicas":"1","package_local_reference_list":[{"kind":"app_package","name":"NginxPackage"}],"substrate_local_reference":{"kind":"app_substrate","name":"NginxVM"},"min_replicas":"1","variable_list":[],"description":""},{"type":"GREENFIELD","action_list":[],"depends_on_list":[],"name":"5854d6fd_deployment","published_service_local_reference_list":[],"max_replicas":"1","package_local_reference_list":[{"kind":"app_package","name":"Category Package"}],"substrate_local_reference":{"kind":"app_substrate","name":"Category VM"},"min_replicas":"1","variable_list":[],"description":""}],"description":"","action_list":[],"name":"Default","variable_list":[{"val_type":"STRING","description":"","name":"artifactory_ip","type":"LOCAL","value":"10.1.176.144","label":"","attrs":{"type":""},"editables":{"value":true}},{"val_type":"STRING","description":"","name":"pc_instance_ip","type":"LOCAL","value":"10.1.176.99","label":"","attrs":{"type":""},"editables":{"value":true}},{"val_type":"STRING","description":"","name":"project_name","type":"LOCAL","value":"devops","label":"","attrs":{"type":""},"editables":{"value":true}},{"val_type":"STRING","description":"","name":"build_number","type":"LOCAL","value":"1","label":"","attrs":{"type":""},"editables":{"value":true}},{"val_type":"STRING","description":"","name":"epoch_aoc_host","type":"SECRET","value":"","label":"","attrs":{"is_secret_modified":false,"secret_reference":{},"type":""},"editables":{"value":true}},{"val_type":"STRING","description":"","name":"epoch_org_id","type":"SECRET","value":"","label":"","attrs":{"is_secret_modified":false,"secret_reference":{},"type":""},"editables":{"value":true}}]}],"published_service_definition_list":[],"default_credential_local_reference":{"kind":"app_credential","name":"Ubuntu Credential"},"type":"USER"},"name":"CICD Application Deployment VMs"},"api_version":"3.0","metadata":{"last_update_time":"1548950637446539","kind":"blueprint","spec_version":57,"creation_time":"1544215209329914","name":"CICD Application Deployment VMs"}}